Name,Batch,Role,Permission Slip
Adriana Eizmendi ,2022,Leadership,
Aliyah Canlas,2021,,
Ana Asuncion,2021,CAS,
Arabella Fernandez,2021,,
Bianca Mondero,,,
Colin Rondon,2021,Leadership,
Drew Dulay,2021,,
Irish Laluan,2022,,
Ivy Jung,2021,CAS,
Jazzlynne Villar,2022,,
Jerome Garcia,,,
Joanna Go,2022,,
Kate Graham,2021,CAS,
Katrina Tuguin,2021,CAS,
Kyle Lubaton,,,
Matthew Miranda,2021,,
Mihika Mull,2021,Leadership,
Milliscent TJ Wang,2022,,
Nataliya Thorpe,2022,,
Navya Gupta,2021,Leadership,
Neil Harry Jr. Domelow,2021,,
Nicole Dritsas,2022,,
Nicole Violeta,2022,,
Sally Moon,2021,,
Shaila Chugani,2021,,
Surryaraj Pooblan,2021,,
Theo Tamayao,,,